naam,wetenschappelijke_naam,type,beplantingstype,familie,status_nl,nsr_status,inheems,invasief,vocht,standplaats_bodemvochtigheid,licht,standplaats_licht,bodem,grondsoorten,standplaats_grondsoort,ph_waarde,voedselrijkdom,wind,extreme_condities,hoogte,breedte,kroonvorm,kroonstructuur,winterhardheidszone,biodiversiteit,ecowaarde,eco_insecten,eco_vogels,locatie,verharding,functie,url,beplantingstypes_boomtypen,beplantingstypes_overige_beplanting,eigenschappen_breedte,eigenschappen_hoogte,eigenschappen_kroonstructuur,eigenschappen_kroonvorm,eigenschappen_winterhardheidszone,standplaats_biodiversiteit,standplaats_extreme_condities,standplaats_ph_waarde,standplaats_voedselrijkdom,standplaats_wind,toepassing_locatie,toepassing_verharding
Acer campestre,Acer campestre,hoofdboom,Boom,Onbekend,inheems,1a,ja,nee,zeer droog / droog / vochtig / nat,zeer droog / droog / vochtig / nat,zon / halfschaduw / schaduw,zon / halfschaduw / schaduw,klei / zand / veen / leem,löss / zavel / veen / zware klei / lichte klei / zand / lemige grond / alle grondsoorten,löss / zavel / veen / zware klei / lichte klei / zand / lemige grond / alle grondsoorten,zuur / neutraal / basisch,voedselarm / matig voedselrijk / voedselrijk,verdraagt wind / verdraagt zeewind,verdraagt strooizout / verdraagt droogte / verdraagt luchtverontreiniging / verdraagt hitte,10 - 12 m,7 - 8 m,eirond,gesloten,5A - 9A,bijen / vlinders / vogels / nectarwaarde 5 / pollenwaarde 5,8/10,100+ soorten,,"laan / park / groenstrook / bakken / containers / daktuin / grote tuin / begraafplaats / verkeer, industrie / landschap / ecologische zone / windsingel / kustgebied",geen / open,Zeer robuuste boom voor moeilijke standplaatsen. Klimaatbestendig.,https: / www.ebben.nl / nl / treeebb / accampes-acer-campestre,hoogstam bomen,,7 - 8 m,10 - 12 m,gesloten,eirond,5A - 9A,bijen / vlinders / vogels / nectarwaarde 5 / pollenwaarde 5,verdraagt strooizout / verdraagt droogte / verdraagt luchtverontreiniging / verdraagt hitte,zuur / neutraal / basisch,voedselarm / matig voedselrijk / voedselrijk,verdraagt wind / verdraagt zeewind,"laan / park / groenstrook / bakken / containers / daktuin / grote tuin / begraafplaats / verkeer, industrie / landschap / ecologische zone / windsingel / kustgebied",geen / open
Alnus glutinosa,Alnus glutinosa,pionier,Boom,Onbekend,inheems,1a,ja,nee,vochtig / nat / zeer nat,vochtig / nat / zeer nat,zon / halfschaduw,zon / halfschaduw,klei / zand / veen / leem,löss / zavel / veen / zware klei / lichte klei / zand / lemige grond / alle grondsoorten,löss / zavel / veen / zware klei / lichte klei / zand / lemige grond / alle grondsoorten,zuur / neutraal / basisch,voedselarm / matig voedselrijk / voedselrijk,verdraagt wind / verdraagt matige zeewind,verdraagt strooizout / verdraagt droogte / verdraagt luchtverontreiniging / verdraagt kortstondige overstroming,10 - 20 m,6 - 12 m,breed piramidaal,halfopen,3A - 8B,bijen / vogels / nectarwaarde 0 / pollenwaarde 1,8/10,200+ soorten,Zaden in winter (sijsjes),"straat / laan / park / groenstrook / grote tuin / begraafplaats / verkeer, industrie / landschap / windsingel / wadi / kustgebied",geen,Boom voor natte standplaatsen. Verbetert bodem via stikstoffixatie.,https: / www.ebben.nl / nl / treeebb / alglutin-alnus-glutinosa,hoogstam bomen,,6 - 12 m,10 - 20 m,halfopen,breed piramidaal,3A - 8B,bijen / vogels / nectarwaarde 0 / pollenwaarde 1,verdraagt strooizout / verdraagt droogte / verdraagt luchtverontreiniging / verdraagt kortstondige overstroming,zuur / neutraal / basisch,voedselarm / matig voedselrijk / voedselrijk,verdraagt wind / verdraagt matige zeewind,"straat / laan / park / groenstrook / grote tuin / begraafplaats / verkeer, industrie / landschap / windsingel / wadi / kustgebied",geen
Berberis vulgaris,Berberis vulgaris,pionier,Heester,Onbekend,inheems,1a,ja,nee,droog / vochtig,droog / vochtig,zon / halfschaduw,zon / halfschaduw,klei / zand / leem,löss / zavel / zand / lemige grond,löss / zavel / zand / lemige grond,zuur / neutraal,matig voedselrijk / voedselrijk,verdraagt wind,verdraagt luchtverontreiniging,1 - 3 m,1 - 3 m,vaas,gesloten,4A - 9A,bijen / nectarwaarde 5 / pollenwaarde 5,,,,"park / groenstrook / daktuin / grote tuin / kleine tuin / verkeer, industrie / kustgebied",geen,Type: pionier. voedselbos / ecobeplanting,https: / www.ebben.nl / nl / treeebb / bevulgar-berberis-vulgaris,,solitair heesters,1 - 3 m,1 - 3 m,gesloten,vaas,4A - 9A,bijen / nectarwaarde 5 / pollenwaarde 5,verdraagt luchtverontreiniging,zuur / neutraal,matig voedselrijk / voedselrijk,verdraagt wind,"park / groenstrook / daktuin / grote tuin / kleine tuin / verkeer, industrie / kustgebied",geen
Betula pendula,Betula pendula,pionier,Boom,Onbekend,inheems,1a,ja,nee,zeer droog / droog / vochtig / nat,zeer droog / droog / vochtig / nat,zon,zon,klei / zand / veen / leem,löss / zavel / veen / zand / lemige grond,löss / zavel / veen / zand / lemige grond,zuur / neutraal,voedselarm / matig voedselrijk,verdraagt wind,verdraagt strooizout / verdraagt droogte / verdraagt luchtverontreiniging,15 - 20 m,9 - 12 m,smal ovaal,open,2A - 9A,bijen / vlinders / nectarwaarde 0 / pollenwaarde 1,8/10,300+ soorten,Nestgelegenheid kleine zangvogels,"park / groenstrook / daktuin / grote tuin / begraafplaats / verkeer, industrie / landschap / ecologische zone / windsingel",geen,Snelle pionier voor bodemverbetering. Bladafval verbetert zure grond.,https: / www.ebben.nl / nl / treeebb / bependul-betula-pendula,hoogstam bomen,,9 - 12 m,15 - 20 m,open,smal ovaal,2A - 9A,bijen / vlinders / nectarwaarde 0 / pollenwaarde 1,verdraagt strooizout / verdraagt droogte / verdraagt luchtverontreiniging,zuur / neutraal,voedselarm / matig voedselrijk,verdraagt wind,"park / groenstrook / daktuin / grote tuin / begraafplaats / verkeer, industrie / landschap / ecologische zone / windsingel",geen
Betula pubescens,Betula pubescens,pionier,Boom,Onbekend,inheems,1a,ja,nee,droog / vochtig / nat / zeer nat,droog / vochtig / nat / zeer nat,zon,zon,klei / zand / veen / leem,löss / zavel / veen / zand / lemige grond,löss / zavel / veen / zand / lemige grond,zuur / neutraal / basisch,voedselarm / matig voedselrijk,verdraagt matige wind,verdraagt strooizout / verdraagt kortstondige overstroming,15 - 20 m,10 - 15 m,ovaal,open,1A - 9B,vlinders,7/10,250+ soorten,,laan / park / groenstrook / grote tuin / begraafplaats / landschap / ecologische zone / wadi,geen / open,Pionier voor natte plekken. Alternatief ruwe berk bij hoge grondwater.,https: / www.ebben.nl / nl / treeebb / bepubesc-betula-pubescens,hoogstam bomen,,10 - 15 m,15 - 20 m,open,ovaal,1A - 9B,vlinders,verdraagt strooizout / verdraagt kortstondige overstroming,zuur / neutraal / basisch,voedselarm / matig voedselrijk,verdraagt matige wind,laan / park / groenstrook / grote tuin / begraafplaats / landschap / ecologische zone / wadi,geen / open
Calluna vulgaris,Calluna vulgaris,struik,Bodembedekker,Onbekend,inheems,1a,ja,nee,zeer droog / droog / vochtig,zeer droog / droog / vochtig,zon,zon,zand / veen,veen / zand,veen / zand,zuur,voedselarm,verdraagt wind / verdraagt matige zeewind,verdraagt droogte,"0,6 - 0,9 m","0,6 - 0,8 m",,,5A - 9A,bijen / vlinders / nectarwaarde 5 / pollenwaarde 5,,,,park / groenstrook / bakken / containers / daktuin / grote tuin / kleine tuin / patiotuin / begraafplaats / landschap / ecologische zone / kustgebied,geen / open,Type: struik. stedelijke beplanting / ecobeplanting / landschappelijke beplanting,https: / www.ebben.nl / nl / treeebb / cavulgar-calluna-vulgaris,,solitair heesters,"0,6 - 0,8 m","0,6 - 0,9 m",,,5A - 9A,bijen / vlinders / nectarwaarde 5 / pollenwaarde 5,verdraagt droogte,zuur,voedselarm,verdraagt wind / verdraagt matige zeewind,park / groenstrook / bakken / containers / daktuin / grote tuin / kleine tuin / patiotuin / begraafplaats / landschap / ecologische zone / kustgebied,geen / open
Carex pendula,Carex pendula,struik,Heester,Onbekend,inheems,1a,ja,nee,vochtig / nat,vochtig / nat,zon / halfschaduw,zon / halfschaduw,klei / zand / veen / leem,löss / zavel / veen / zware klei / lichte klei / lemige grond / alle grondsoorten,löss / zavel / veen / zware klei / lichte klei / lemige grond / alle grondsoorten,zuur / neutraal,matig voedselrijk / voedselrijk,verdraagt wind / verdraagt zeewind,verdraagt luchtverontreiniging,"0,75 - 1,5 m",1 - 1 m,,,5A - 9B,,,,,"park / groenstrook / bakken / containers / daktuin / grote tuin / kleine tuin / patiotuin / begraafplaats / verkeer, industrie / landschap / ecologische zone / kustgebied",geen,Type: struik. landschappelijke beplanting,https: / www.ebben.nl / nl / treeebb / capendul-carex-pendula,,solitair heesters,1 - 1 m,"0,75 - 1,5 m",,,5A - 9B,,verdraagt luchtverontreiniging,zuur / neutraal,matig voedselrijk / voedselrijk,verdraagt wind / verdraagt zeewind,"park / groenstrook / bakken / containers / daktuin / grote tuin / kleine tuin / patiotuin / begraafplaats / verkeer, industrie / landschap / ecologische zone / kustgebied",geen
Carpinus betulus,Carpinus betulus,hoofdboom,Boom,Onbekend,inheems,1a,ja,nee,zeer droog / droog / vochtig / nat,zeer droog / droog / vochtig / nat,zon / halfschaduw / schaduw,zon / halfschaduw / schaduw,klei / zand / veen / leem,löss / zavel / veen / zware klei / lichte klei / zand / lemige grond / alle grondsoorten,löss / zavel / veen / zware klei / lichte klei / zand / lemige grond / alle grondsoorten,zuur / neutraal / basisch,matig voedselrijk / voedselrijk,verdraagt wind,verdraagt droogte / verdraagt hitte,15 - 20 m,12 - 15 m,breed eirond,gesloten,5A - 8B,vlinders / vogels / kleine zoogdieren,7/10,150+ soorten,,"laan / park / groenstrook / daktuin / grote tuin / begraafplaats / verkeer, industrie / landschap / ecologische zone / windsingel",geen,Alternatief voor beuk bij droge omstandigheden. Wintergroen effect.,https: / www.ebben.nl / nl / treeebb / cabetulu-carpinus-betulus,hoogstam bomen,,12 - 15 m,15 - 20 m,gesloten,breed eirond,5A - 8B,vlinders / vogels / kleine zoogdieren,verdraagt droogte / verdraagt hitte,zuur / neutraal / basisch,matig voedselrijk / voedselrijk,verdraagt wind,"laan / park / groenstrook / daktuin / grote tuin / begraafplaats / verkeer, industrie / landschap / ecologische zone / windsingel",geen
Castanea sativa,Castanea sativa,pionier,Boom,Onbekend,inheems,1a,ja,nee,zeer droog / droog / vochtig / nat,zeer droog / droog / vochtig / nat,zon / halfschaduw,zon / halfschaduw,klei / zand / leem,löss / zavel / lichte klei / zand / lemige grond,löss / zavel / lichte klei / zand / lemige grond,zuur / neutraal,voedselrijk,verdraagt wind,verdraagt droogte,25 - 30 m,20 - 25 m,rond / afgeplat rond,gesloten,6A - 11B,bijen / vlinders / vogels / kleine zoogdieren / mensen / nectarwaarde 5 / pollenwaarde 5,,,,park / groenstrook / daktuin / grote tuin / begraafplaats / landschap / ecologische zone,geen,Type: pionier. voedselbos / ecobeplanting / landschappelijke beplanting / stedelijke beplanting,https: / www.ebben.nl / nl / treeebb / casativa-castanea-sativa,hoogstam bomen,,20 - 25 m,25 - 30 m,gesloten,rond / afgeplat rond,6A - 11B,bijen / vlinders / vogels / kleine zoogdieren / mensen / nectarwaarde 5 / pollenwaarde 5,verdraagt droogte,zuur / neutraal,voedselrijk,verdraagt wind,park / groenstrook / daktuin / grote tuin / begraafplaats / landschap / ecologische zone,geen
Cornus mas,Cornus mas,pionier,Boom,Onbekend,inheems,1a,ja,nee,zeer droog / droog / vochtig / nat,zeer droog / droog / vochtig / nat,zon / halfschaduw,zon / halfschaduw,klei / leem,löss / zavel / lichte klei / lemige grond,löss / zavel / lichte klei / lemige grond,zuur / neutraal / basisch,matig voedselrijk / voedselrijk,verdraagt wind,verdraagt droogte / verdraagt hitte,5 - 7 m,3 - 5 m,rond / afgeplat rond,gesloten,4A - 8B,bijen / vlinders / vogels / kleine zoogdieren / mensen / nectarwaarde 4 / pollenwaarde 4,,,,"straat / park / groenstrook / bakken / containers / daktuin / grote tuin / kleine tuin / begraafplaats / verkeer, industrie / landschap / ecologische zone / windsingel",geen / open / dicht,Type: pionier. klimaatbeplanting / voedselbos / ecobeplanting / landschappelijke beplanting / stedelijke beplanting,https: / www.ebben.nl / nl / treeebb / comas-cornus-mas,hoogstam bomen,,3 - 5 m,5 - 7 m,gesloten,rond / afgeplat rond,4A - 8B,bijen / vlinders / vogels / kleine zoogdieren / mensen / nectarwaarde 4 / pollenwaarde 4,verdraagt droogte / verdraagt hitte,zuur / neutraal / basisch,matig voedselrijk / voedselrijk,verdraagt wind,"straat / park / groenstrook / bakken / containers / daktuin / grote tuin / kleine tuin / begraafplaats / verkeer, industrie / landschap / ecologische zone / windsingel",geen / open / dicht
Cornus sanguinea,Cornus sanguinea,struik,Heester,Onbekend,inheems,1a,ja,nee,droog / vochtig / nat,droog / vochtig / nat,zon / halfschaduw,zon / halfschaduw,klei / zand / leem,löss / zavel / lichte klei / zand / lemige grond,löss / zavel / lichte klei / zand / lemige grond,zuur / neutraal / basisch,matig voedselrijk / voedselrijk,verdraagt wind / verdraagt matige zeewind,verdraagt luchtverontreiniging,2 - 4 m,2 - 4 m,breed ovaal,halfopen,4A - 8B,bijen / vlinders / nectarwaarde 1 / pollenwaarde 1,7/10,60+ soorten,Zwarte bessen,"park / groenstrook / grote tuin / begraafplaats / verkeer, industrie / landschap / ecologische zone / windsingel",geen,Rode kornoelje - rode twijgen in winter. Bloei + bessen.,https: / www.ebben.nl / nl / treeebb / cosangui-cornus-sanguinea,,solitair heesters,2 - 4 m,2 - 4 m,halfopen,breed ovaal,4A - 8B,bijen / vlinders / nectarwaarde 1 / pollenwaarde 1,verdraagt luchtverontreiniging,zuur / neutraal / basisch,matig voedselrijk / voedselrijk,verdraagt wind / verdraagt matige zeewind,"park / groenstrook / grote tuin / begraafplaats / verkeer, industrie / landschap / ecologische zone / windsingel",geen
Corylus avellana,Corylus avellana,struik,Heester,Onbekend,inheems,1a,ja,nee,droog / vochtig / nat,droog / vochtig / nat,zon / halfschaduw / schaduw,zon / halfschaduw / schaduw,klei / zand / leem,löss / zavel / zware klei / lichte klei / zand / lemige grond,löss / zavel / zware klei / lichte klei / zand / lemige grond,zuur / neutraal / basisch,matig voedselrijk / voedselrijk,verdraagt matige wind / verdraagt wind,,5 - 10 m,4 - 8 m,vaas,gesloten,5A - 8B,bijen / vlinders / vogels / kleine zoogdieren / mensen,9/10,Eerste stuifmeel voorjaar,,park / groenstrook / grote tuin / landschap / ecologische zone,geen,Vroegbloeiende struik (feb-mrt) = eerste stuifmeel. Hazelnoten eetbaar.,https: / www.ebben.nl / nl / treeebb / coavella-corylus-avellana,,solitair heesters,4 - 8 m,5 - 10 m,gesloten,vaas,5A - 8B,bijen / vlinders / vogels / kleine zoogdieren / mensen,,zuur / neutraal / basisch,matig voedselrijk / voedselrijk,verdraagt matige wind / verdraagt wind,park / groenstrook / grote tuin / landschap / ecologische zone,geen
Crataegus laevigata,Crataegus laevigata,hoofdboom,Boom,Onbekend,inheems,1a,ja,nee,zeer droog / droog / vochtig / nat,zeer droog / droog / vochtig / nat,zon / halfschaduw,zon / halfschaduw,klei / zand / leem,löss / zavel / zware klei / lichte klei / zand / lemige grond,löss / zavel / zware klei / lichte klei / zand / lemige grond,zuur / neutraal / basisch,matig voedselrijk / voedselrijk,verdraagt wind,verdraagt droogte,5 - 8 m,3 - 6 m,ovaal,halfopen,5A - 9B,bijen / vlinders / vogels / kleine zoogdieren / nectarwaarde 1 / pollenwaarde 1,,,,straat / park / groenstrook / grote tuin / kleine tuin / begraafplaats / landschap / ecologische zone,geen,Type: hoofdboom. landschappelijke beplanting / stedelijke beplanting,https: / www.ebben.nl / nl / treeebb / crlaevig-crataegus-laevigata,hoogstam bomen,,3 - 6 m,5 - 8 m,halfopen,ovaal,5A - 9B,bijen / vlinders / vogels / kleine zoogdieren / nectarwaarde 1 / pollenwaarde 1,verdraagt droogte,zuur / neutraal / basisch,matig voedselrijk / voedselrijk,verdraagt wind,straat / park / groenstrook / grote tuin / kleine tuin / begraafplaats / landschap / ecologische zone,geen
Crataegus monogyna,Crataegus monogyna,struik,Heester,Onbekend,inheems,1a,ja,nee,zeer droog / droog / vochtig / nat / zeer nat,zeer droog / droog / vochtig / nat / zeer nat,zon / halfschaduw,zon / halfschaduw,klei / zand / leem,löss / zavel / zware klei / lichte klei / zand / lemige grond,löss / zavel / zware klei / lichte klei / zand / lemige grond,neutraal / basisch,voedselarm / matig voedselrijk / voedselrijk,verdraagt wind,verdraagt droogte / verdraagt luchtverontreiniging / verdraagt kortstondige overstroming,6 - 10 m,2 - 5 m,rond,gesloten,5A - 10A,bijen / vlinders / vogels / uilen / kleine zoogdieren / nectarwaarde 1 / pollenwaarde 1,10/10,200+ soorten,Broedplaats + voedselbron,"park / groenstrook / bakken / containers / daktuin / grote tuin / kleine tuin / patiotuin / begraafplaats / verkeer, industrie / landschap / ecologische zone / windsingel",geen,Uitstekende haagplant. Vogelbescherming door doornen. Bloei + bessen.,https: / www.ebben.nl / nl / treeebb / crmonogy-crataegus-monogyna,,solitair heesters,2 - 5 m,6 - 10 m,gesloten,rond,5A - 10A,bijen / vlinders / vogels / uilen / kleine zoogdieren / nectarwaarde 1 / pollenwaarde 1,verdraagt droogte / verdraagt luchtverontreiniging / verdraagt kortstondige overstroming,neutraal / basisch,voedselarm / matig voedselrijk / voedselrijk,verdraagt wind,"park / groenstrook / bakken / containers / daktuin / grote tuin / kleine tuin / patiotuin / begraafplaats / verkeer, industrie / landschap / ecologische zone / windsingel",geen
Daphne mezereum,Daphne mezereum,struik,Heester,Onbekend,inheems,1a,ja,nee,droog / vochtig,droog / vochtig,halfschaduw,halfschaduw,klei / zand / leem,löss / zavel / lichte klei / zand / lemige grond,löss / zavel / lichte klei / zand / lemige grond,zuur / neutraal / basisch,matig voedselrijk / voedselrijk,verdraagt matige wind,,1 - 2 m,1 - 2 m,,,4A - 7B,bijen / nectarwaarde 1 / pollenwaarde 0,,,,park / grote tuin / kleine tuin / patiotuin / begraafplaats,,Type: struik. ,https: / www.ebben.nl / nl / treeebb / damezere-daphne-mezereum,,solitair heesters,1 - 2 m,1 - 2 m,,,4A - 7B,bijen / nectarwaarde 1 / pollenwaarde 0,,zuur / neutraal / basisch,matig voedselrijk / voedselrijk,verdraagt matige wind,park / grote tuin / kleine tuin / patiotuin / begraafplaats,
Deschampsia cespitosa,Deschampsia cespitosa,struik,Heester,Onbekend,inheems,1a,ja,nee,zeer droog / droog / vochtig / nat,zeer droog / droog / vochtig / nat,zon / halfschaduw / schaduw,zon / halfschaduw / schaduw,klei / zand / veen / leem,löss / zavel / veen / zware klei / lichte klei / zand / lemige grond / alle grondsoorten,löss / zavel / veen / zware klei / lichte klei / zand / lemige grond / alle grondsoorten,zuur / neutraal / basisch,matig voedselrijk / voedselrijk,verdraagt wind / verdraagt matige zeewind,verdraagt strooizout / verdraagt droogte / verdraagt luchtverontreiniging,"0,75 - 1,25 m","1 - 1,8 m",,,4A - 9B,,,,,"park / groenstrook / bakken / containers / daktuin / grote tuin / kleine tuin / patiotuin / begraafplaats / verkeer, industrie / kustgebied",geen / open,Type: struik. landschappelijke beplanting / schaduwtolerant / stedelijke beplanting,https: / www.ebben.nl / nl / treeebb / decespit-deschampsia-cespitosa,,solitair heesters,"1 - 1,8 m","0,75 - 1,25 m",,,4A - 9B,,verdraagt strooizout / verdraagt droogte / verdraagt luchtverontreiniging,zuur / neutraal / basisch,matig voedselrijk / voedselrijk,verdraagt wind / verdraagt matige zeewind,"park / groenstrook / bakken / containers / daktuin / grote tuin / kleine tuin / patiotuin / begraafplaats / verkeer, industrie / kustgebied",geen / open
Dryopteris filix-mas,Dryopteris filix-mas,struik,Heester,Onbekend,inheems,1a,ja,nee,droog / vochtig / nat,droog / vochtig / nat,halfschaduw / schaduw,halfschaduw / schaduw,klei / zand / veen / leem,löss / zavel / veen / zware klei / lichte klei / zand / lemige grond / alle grondsoorten,löss / zavel / veen / zware klei / lichte klei / zand / lemige grond / alle grondsoorten,zuur,matig voedselrijk / voedselrijk,verdraagt matige wind,,"0,75 - 1,3 m",1 - 1 m,,,2B - 11A,vlinders,,,,park / groenstrook / grote tuin / kleine tuin / patiotuin / begraafplaats / landschap / ecologische zone,geen,Type: struik. schaduwtolerant / ecobeplanting / landschappelijke beplanting,https: / www.ebben.nl / nl / treeebb / drfmas-dryopteris-filixmas,,solitair heesters,1 - 1 m,"0,75 - 1,3 m",,,2B - 11A,vlinders,,zuur,matig voedselrijk / voedselrijk,verdraagt matige wind,park / groenstrook / grote tuin / kleine tuin / patiotuin / begraafplaats / landschap / ecologische zone,geen
Euonymus europaeus,Euonymus europaeus,pionier,Boom,Onbekend,inheems,1a,ja,nee,zeer droog / droog / vochtig / nat / zeer nat,zeer droog / droog / vochtig / nat / zeer nat,zon / halfschaduw,zon / halfschaduw,klei / zand / leem,löss / zavel / lichte klei / zand / lemige grond,löss / zavel / lichte klei / zand / lemige grond,neutraal / basisch,matig voedselrijk / voedselrijk,verdraagt wind / verdraagt zeewind,verdraagt droogte / verdraagt luchtverontreiniging / verdraagt kortstondige overstroming,4 - 6 m,4 - 6 m,rond,halfopen,4A - 10B,bijen / vlinders / nectarwaarde 4 / pollenwaarde 0,,,,"park / groenstrook / grote tuin / kleine tuin / verkeer, industrie / landschap / ecologische zone / wadi / kustgebied",geen / open,Type: pionier. ecobeplanting / landschappelijke beplanting / stedelijke beplanting,https: / www.ebben.nl / nl / treeebb / eueuropa-euonymus-europaeus,hoogstam bomen,,4 - 6 m,4 - 6 m,halfopen,rond,4A - 10B,bijen / vlinders / nectarwaarde 4 / pollenwaarde 0,verdraagt droogte / verdraagt luchtverontreiniging / verdraagt kortstondige overstroming,neutraal / basisch,matig voedselrijk / voedselrijk,verdraagt wind / verdraagt zeewind,"park / groenstrook / grote tuin / kleine tuin / verkeer, industrie / landschap / ecologische zone / wadi / kustgebied",geen / open
Fagus sylvatica,Fagus sylvatica,hoofdboom,Boom,Onbekend,inheems,1a,ja,nee,vochtig / nat,vochtig / nat,zon / halfschaduw / schaduw,zon / halfschaduw / schaduw,klei / zand / leem,löss / zavel / lichte klei / zand / lemige grond,löss / zavel / lichte klei / zand / lemige grond,zuur / neutraal / basisch,matig voedselrijk / voedselrijk,verdraagt matige wind,,25 - 30 m,20 - 25 m,breed eirond,gesloten,5B - 7B,vogels / kleine zoogdieren,7/10,150+ soorten,Buchennootjes,laan / park / groenstrook / grote tuin / begraafplaats / landschap / ecologische zone,geen,"Schaduwboom bij uitstek. Dichte kroon, weinig ondergroei mogelijk.",https: / www.ebben.nl / nl / treeebb / fasylvat-fagus-sylvatica,hoogstam bomen,,20 - 25 m,25 - 30 m,gesloten,breed eirond,5B - 7B,vogels / kleine zoogdieren,,zuur / neutraal / basisch,matig voedselrijk / voedselrijk,verdraagt matige wind,laan / park / groenstrook / grote tuin / begraafplaats / landschap / ecologische zone,geen
Frangula alnus,Frangula alnus,struik,Heester,Onbekend,inheems,1a,ja,nee,vochtig / nat,vochtig / nat,zon / halfschaduw / schaduw,zon / halfschaduw / schaduw,klei / zand / veen / leem,löss / zavel / veen / lichte klei / zand / lemige grond,löss / zavel / veen / lichte klei / zand / lemige grond,zuur / neutraal / basisch,matig voedselrijk / voedselrijk,verdraagt wind,verdraagt luchtverontreiniging,4 - 6 m,2 - 4 m,,,3A - 8B,bijen / vlinders / nectarwaarde 5 / pollenwaarde 5,8/10,,Zwarte bessen,"park / groenstrook / grote tuin / verkeer, industrie / landschap / ecologische zone / kustgebied",geen,Struik voor (zeer) vochtige standplaatsen. Waardplant citroenvlinder.,https: / www.ebben.nl / nl / treeebb / fralnus-frangula-alnus,,solitair heesters,2 - 4 m,4 - 6 m,,,3A - 8B,bijen / vlinders / nectarwaarde 5 / pollenwaarde 5,verdraagt luchtverontreiniging,zuur / neutraal / basisch,matig voedselrijk / voedselrijk,verdraagt wind,"park / groenstrook / grote tuin / verkeer, industrie / landschap / ecologische zone / kustgebied",geen
Fraxinus excelsior,Fraxinus excelsior,hoofdboom,Boom,Onbekend,inheems,1a,ja,nee,droog / vochtig / nat,droog / vochtig / nat,zon / halfschaduw,zon / halfschaduw,klei / leem,löss / zware klei / lichte klei / lemige grond,löss / zware klei / lichte klei / lemige grond,zuur / neutraal / basisch,matig voedselrijk / voedselrijk,verdraagt wind / verdraagt matige zeewind,verdraagt strooizout / verdraagt luchtverontreiniging,25 - 30 m,20 - 25 m,rond,halfopen,4A - 9B,bijen / vlinders / vogels / nectarwaarde 0 / pollenwaarde 1,7/10,100+ soorten,,"park / groenstrook / daktuin / grote tuin / begraafplaats / verkeer, industrie / landschap / ecologische zone / windsingel / kustgebied",geen,Snelgroeiende boom voor natte standplaatsen.,https: / www.ebben.nl / nl / treeebb / frexcels-fraxinus-excelsior,hoogstam bomen,,20 - 25 m,25 - 30 m,halfopen,rond,4A - 9B,bijen / vlinders / vogels / nectarwaarde 0 / pollenwaarde 1,verdraagt strooizout / verdraagt luchtverontreiniging,zuur / neutraal / basisch,matig voedselrijk / voedselrijk,verdraagt wind / verdraagt matige zeewind,"park / groenstrook / daktuin / grote tuin / begraafplaats / verkeer, industrie / landschap / ecologische zone / windsingel / kustgebied",geen
Hedera helix,Hedera helix,bijboom,Boom,Onbekend,inheems,1a,ja,nee,zeer droog / droog / vochtig / nat,zeer droog / droog / vochtig / nat,zon / halfschaduw / schaduw,zon / halfschaduw / schaduw,klei / zand / veen / leem,löss / zavel / veen / zware klei / lichte klei / zand / lemige grond / alle grondsoorten,löss / zavel / veen / zware klei / lichte klei / zand / lemige grond / alle grondsoorten,neutraal,voedselarm / matig voedselrijk / voedselrijk,verdraagt wind / verdraagt matige zeewind,verdraagt droogte / verdraagt luchtverontreiniging / verdraagt hitte,3 - 30 m,3 - 30 m,,,5A - 9B,bijen / vlinders / vogels,,,,"park / groenstrook / bakken / containers / daktuin / grote tuin / kleine tuin / verkeer, industrie / landschap / ecologische zone / windsingel / kustgebied",geen / open / dicht,Type: bijboom. klimaatbeplanting / stedelijke beplanting / schaduwtolerant / ecobeplanting / solide beplanting,https: / www.ebben.nl / nl / treeebb / hehelix-hedera-helix,hoogstam bomen,,3 - 30 m,3 - 30 m,,,5A - 9B,bijen / vlinders / vogels,verdraagt droogte / verdraagt luchtverontreiniging / verdraagt hitte,neutraal,voedselarm / matig voedselrijk / voedselrijk,verdraagt wind / verdraagt matige zeewind,"park / groenstrook / bakken / containers / daktuin / grote tuin / kleine tuin / verkeer, industrie / landschap / ecologische zone / windsingel / kustgebied",geen / open / dicht
Hippophae rhamnoides,Hippophae rhamnoides,pionier,Boom,Onbekend,inheems,1a,ja,nee,zeer droog / droog / vochtig / nat,zeer droog / droog / vochtig / nat,zon / halfschaduw,zon / halfschaduw,klei / zand / veen / leem,löss / zavel / veen / lichte klei / zand / lemige grond,löss / zavel / veen / lichte klei / zand / lemige grond,zuur / neutraal / basisch,voedselarm,verdraagt wind / verdraagt zeewind,verdraagt strooizout / verdraagt droogte / verdraagt hitte,4 - 8 m,4 - 8 m,breed vaas,gesloten,4A - 7B,bijen / vlinders / vogels,,,,groenstrook / bakken / containers / daktuin / landschap / ecologische zone / windsingel / kustgebied,geen,Type: pionier. klimaatbeplanting / voedselbos / ecobeplanting / landschappelijke beplanting / stedelijke beplanting,https: / www.ebben.nl / nl / treeebb / hirhamno-hippophae-rhamnoides,hoogstam bomen,,4 - 8 m,4 - 8 m,gesloten,breed vaas,4A - 7B,bijen / vlinders / vogels,verdraagt strooizout / verdraagt droogte / verdraagt hitte,zuur / neutraal / basisch,voedselarm,verdraagt wind / verdraagt zeewind,groenstrook / bakken / containers / daktuin / landschap / ecologische zone / windsingel / kustgebied,geen
Ilex aquifolium,Ilex aquifolium,struik,Heester,Onbekend,inheems,1a,ja,nee,droog / vochtig / nat,droog / vochtig / nat,zon / halfschaduw / schaduw,zon / halfschaduw / schaduw,klei / zand / leem,löss / zavel / zand / lemige grond,löss / zavel / zand / lemige grond,zuur / neutraal / basisch,voedselarm / matig voedselrijk / voedselrijk,verdraagt geen wind / verdraagt matige zeewind,verdraagt droogte,5 - 10 m,3 - 5 m,breed piramidaal,halfopen,6A - 8B,vlinders / vogels / uilen,7/10,,Rode bessen herfst/winter,park / groenstrook / grote tuin / begraafplaats / windsingel / kustgebied,,Hulst - wintergroen. Rode bessen. Goede haagplant.,https: / www.ebben.nl / nl / treeebb / ilaquifo-ilex-aquifolium,,solitair heesters,3 - 5 m,5 - 10 m,halfopen,breed piramidaal,6A - 8B,vlinders / vogels / uilen,verdraagt droogte,zuur / neutraal / basisch,voedselarm / matig voedselrijk / voedselrijk,verdraagt geen wind / verdraagt matige zeewind,park / groenstrook / grote tuin / begraafplaats / windsingel / kustgebied,
Juniperus communis,Juniperus communis,pionier,Boom,Onbekend,inheems,1a,ja,nee,zeer droog / droog / vochtig / nat,zeer droog / droog / vochtig / nat,zon,zon,klei / zand,zavel / lichte klei / zand / lemige grond,zavel / lichte klei / zand / lemige grond,zuur / neutraal / basisch,voedselarm / matig voedselrijk,verdraagt matige wind,verdraagt droogte / verdraagt luchtverontreiniging,5 - 8 m,2 - 3 m,zuil,gesloten,3A - 8B,,,,,"park / grote tuin / verkeer, industrie / kustgebied",geen / open / dicht,Type: pionier. voedselbos,https: / www.ebben.nl / nl / treeebb / jucommun-juniperus-communis,hoogstam bomen,,2 - 3 m,5 - 8 m,gesloten,zuil,3A - 8B,,verdraagt droogte / verdraagt luchtverontreiniging,zuur / neutraal / basisch,voedselarm / matig voedselrijk,verdraagt matige wind,"park / grote tuin / verkeer, industrie / kustgebied",geen / open / dicht
Ligustrum vulgare,Ligustrum vulgare,struik,Heester,Onbekend,inheems,1a,ja,nee,zeer droog / droog / vochtig / nat,zeer droog / droog / vochtig / nat,zon / halfschaduw,zon / halfschaduw,klei / zand / leem,löss / zavel / lichte klei / zand / lemige grond,löss / zavel / lichte klei / zand / lemige grond,zuur / neutraal,matig voedselrijk / voedselrijk,verdraagt wind / verdraagt zeewind,verdraagt luchtverontreiniging,2 - 5 m,2 - 5 m,,,7A - 10B,bijen / vlinders / nectarwaarde 4 / pollenwaarde 4,7/10,,Zwarte bessen,"park / groenstrook / grote tuin / kleine tuin / verkeer, industrie / landschap / ecologische zone / kustgebied",,Wilde liguster - haagplant met hoge bijenwaarde. Wintergroen in milde winters.,https: / www.ebben.nl / nl / treeebb / livulgar-ligustrum-vulgare,,solitair heesters,2 - 5 m,2 - 5 m,,,7A - 10B,bijen / vlinders / nectarwaarde 4 / pollenwaarde 4,verdraagt luchtverontreiniging,zuur / neutraal,matig voedselrijk / voedselrijk,verdraagt wind / verdraagt zeewind,"park / groenstrook / grote tuin / kleine tuin / verkeer, industrie / landschap / ecologische zone / kustgebied",
Lonicera xylosteum,Lonicera xylosteum,pionier,Heester,Onbekend,inheems,1a,ja,nee,droog / vochtig / nat,droog / vochtig / nat,zon / halfschaduw / schaduw,zon / halfschaduw / schaduw,klei / zand / leem,löss / zavel / zand / lemige grond,löss / zavel / zand / lemige grond,zuur / neutraal / basisch,voedselrijk,verdraagt wind / verdraagt zeewind,verdraagt strooizout / verdraagt luchtverontreiniging,"0,8 - 1 m","1 - 1,2 m",,,3A - 6B,bijen / vlinders,,,,"park / groenstrook / grote tuin / kleine tuin / begraafplaats / verkeer, industrie / windsingel / kustgebied",geen,Type: pionier. schaduwtolerant / ecobeplanting,https: / www.ebben.nl / nl / treeebb / lonxylos-lonicera-xylosteum,,solitair heesters,"1 - 1,2 m","0,8 - 1 m",,,3A - 6B,bijen / vlinders,verdraagt strooizout / verdraagt luchtverontreiniging,zuur / neutraal / basisch,voedselrijk,verdraagt wind / verdraagt zeewind,"park / groenstrook / grote tuin / kleine tuin / begraafplaats / verkeer, industrie / windsingel / kustgebied",geen
Luzula sylvatica,Luzula sylvatica,struik,Heester,Onbekend,inheems,1a,ja,nee,droog / vochtig / nat,droog / vochtig / nat,schaduw,schaduw,klei / zand / veen / leem,löss / zavel / veen / zware klei / lichte klei / zand / lemige grond / alle grondsoorten,löss / zavel / veen / zware klei / lichte klei / zand / lemige grond / alle grondsoorten,zuur / neutraal / basisch,voedselrijk,verdraagt wind,,"0,3 - 1 m","0,15 - 0,3 m",,,6A - 9B,vlinders,,,,park / grote tuin / kleine tuin / ecologische zone,geen,Type: struik. schaduwtolerant / ecobeplanting,https: / www.ebben.nl / nl / treeebb / lusylvat-luzula-sylvatica,,solitair heesters,"0,15 - 0,3 m","0,3 - 1 m",,,6A - 9B,vlinders,,zuur / neutraal / basisch,voedselrijk,verdraagt wind,park / grote tuin / kleine tuin / ecologische zone,geen
Malus sylvestris,Malus sylvestris,pionier,Boom,Onbekend,inheems,1a,ja,nee,droog / vochtig / nat,droog / vochtig / nat,zon,zon,klei / zand / leem,löss / zavel / zand / lemige grond,löss / zavel / zand / lemige grond,neutraal / basisch,voedselarm / matig voedselrijk / voedselrijk,verdraagt wind,,3 - 10 m,4 - 8 m,rond,halfopen,4A - 9A,bijen / vlinders / vogels / nectarwaarde 3 / pollenwaarde 3,,,,park / groenstrook / grote tuin / kleine tuin / landschap / ecologische zone,,Type: pionier. voedselbos / ecobeplanting / landschappelijke beplanting,https: / www.ebben.nl / nl / treeebb / masylves-malus-sylvestris,hoogstam bomen,,4 - 8 m,3 - 10 m,halfopen,rond,4A - 9A,bijen / vlinders / vogels / nectarwaarde 3 / pollenwaarde 3,,neutraal / basisch,voedselarm / matig voedselrijk / voedselrijk,verdraagt wind,park / groenstrook / grote tuin / kleine tuin / landschap / ecologische zone,
Mespilus germanica,Mespilus germanica,hoofdboom,Boom,Onbekend,inheems,1a,ja,nee,zeer droog / droog / vochtig / nat,zeer droog / droog / vochtig / nat,zon / halfschaduw,zon / halfschaduw,klei / zand / leem,löss / zavel / lichte klei / zand / lemige grond,löss / zavel / lichte klei / zand / lemige grond,zuur / neutraal / basisch,matig voedselrijk / voedselrijk,verdraagt wind,verdraagt droogte / verdraagt hitte,4 - 6 m,4 - 6 m,afgeplat rond,gesloten,5B - 9B,bijen / vlinders / vogels / kleine zoogdieren / mensen / nectarwaarde 3 / pollenwaarde 3,,,,park / groenstrook / bakken / containers / daktuin / grote tuin / kleine tuin / begraafplaats / landschap / ecologische zone,geen,Type: hoofdboom. klimaatbeplanting / voedselbos / ecobeplanting / landschappelijke beplanting,https: / www.ebben.nl / nl / treeebb / megerman-mespilus-germanica,hoogstam bomen,,4 - 6 m,4 - 6 m,gesloten,afgeplat rond,5B - 9B,bijen / vlinders / vogels / kleine zoogdieren / mensen / nectarwaarde 3 / pollenwaarde 3,verdraagt droogte / verdraagt hitte,zuur / neutraal / basisch,matig voedselrijk / voedselrijk,verdraagt wind,park / groenstrook / bakken / containers / daktuin / grote tuin / kleine tuin / begraafplaats / landschap / ecologische zone,geen
Polygonatum multiflorum,Polygonatum multiflorum,struik,Bodembedekker,Onbekend,inheems,1a,ja,nee,droog / vochtig / nat,droog / vochtig / nat,halfschaduw / schaduw,halfschaduw / schaduw,klei / zand / veen / leem,löss / zavel / veen / zware klei / lichte klei / zand / lemige grond / alle grondsoorten,löss / zavel / veen / zware klei / lichte klei / zand / lemige grond / alle grondsoorten,zuur,matig voedselrijk / voedselrijk,verdraagt wind / verdraagt matige zeewind,verdraagt luchtverontreiniging,"0,25 - 0,9 m","0,6 - 0,8 m",,,3A - 8A,bijen / vogels,,,,"park / groenstrook / daktuin / grote tuin / kleine tuin / patiotuin / begraafplaats / verkeer, industrie / landschap / ecologische zone",geen,Type: struik. schaduwtolerant / ecobeplanting,https: / www.ebben.nl / nl / treeebb / pomultif-polygonatum-multiflorum,,solitair heesters,"0,6 - 0,8 m","0,25 - 0,9 m",,,3A - 8A,bijen / vogels,verdraagt luchtverontreiniging,zuur,matig voedselrijk / voedselrijk,verdraagt wind / verdraagt matige zeewind,"park / groenstrook / daktuin / grote tuin / kleine tuin / patiotuin / begraafplaats / verkeer, industrie / landschap / ecologische zone",geen
Populus nigra,Populus nigra,pionier,Boom,Onbekend,inheems,1a,ja,nee,vochtig / nat / zeer nat,vochtig / nat / zeer nat,zon,zon,klei / zand / leem,löss / zavel / lichte klei / zand / lemige grond,löss / zavel / lichte klei / zand / lemige grond,neutraal / basisch,voedselrijk,verdraagt wind / verdraagt zeewind,verdraagt strooizout / verdraagt luchtverontreiniging / verdraagt kortstondige overstroming,25 - 30 m,10 - 15 m,breed piramidaal,halfopen,4A - 8B,vlinders,,,,"park / verkeer, industrie / landschap / windsingel / wadi / kustgebied",geen / open,Type: pionier. landschappelijke beplanting,https: / www.ebben.nl / nl / treeebb / ponigra-populus-nigra,hoogstam bomen,,10 - 15 m,25 - 30 m,halfopen,breed piramidaal,4A - 8B,vlinders,verdraagt strooizout / verdraagt luchtverontreiniging / verdraagt kortstondige overstroming,neutraal / basisch,voedselrijk,verdraagt wind / verdraagt zeewind,"park / verkeer, industrie / landschap / windsingel / wadi / kustgebied",geen / open
Populus tremula,Populus tremula,pionier,Boom,Onbekend,inheems,1a,ja,nee,droog / vochtig / nat / zeer nat,droog / vochtig / nat / zeer nat,zon / halfschaduw,zon / halfschaduw,klei / zand / veen / leem,löss / zavel / veen / zware klei / lichte klei / zand / lemige grond / alle grondsoorten,löss / zavel / veen / zware klei / lichte klei / zand / lemige grond / alle grondsoorten,zuur / neutraal / basisch,voedselarm / matig voedselrijk / voedselrijk,verdraagt wind / verdraagt matige zeewind,verdraagt strooizout / verdraagt droogte / verdraagt luchtverontreiniging / verdraagt kortstondige overstroming,18 - 25 m,8 - 12 m,ovaal,halfopen,2A - 7B,vlinders,7/10,250+ soorten,,"park / groenstrook / grote tuin / verkeer, industrie / landschap / ecologische zone / windsingel / wadi / kustgebied",geen,Snelle pionier. Trilende bladeren. Maakt worteluitlopers.,https: / www.ebben.nl / nl / treeebb / potremul-populus-tremula,hoogstam bomen,,8 - 12 m,18 - 25 m,halfopen,ovaal,2A - 7B,vlinders,verdraagt strooizout / verdraagt droogte / verdraagt luchtverontreiniging / verdraagt kortstondige overstroming,zuur / neutraal / basisch,voedselarm / matig voedselrijk / voedselrijk,verdraagt wind / verdraagt matige zeewind,"park / groenstrook / grote tuin / verkeer, industrie / landschap / ecologische zone / windsingel / wadi / kustgebied",geen
Prunus avium,Prunus avium,hoofdboom,Boom,Onbekend,inheems,1a,ja,nee,droog / vochtig / nat,droog / vochtig / nat,zon / halfschaduw,zon / halfschaduw,klei / zand / leem,löss / zavel / lichte klei / zand / lemige grond,löss / zavel / lichte klei / zand / lemige grond,zuur / neutraal / basisch,matig voedselrijk / voedselrijk,verdraagt matige wind,verdraagt luchtverontreiniging,15 - 25 m,10 - 15 m,rond / breed eirond,halfopen,4A - 9B,bijen / vlinders / vogels / kleine zoogdieren / nectarwaarde 5 / pollenwaarde 5,8/10,150+ soorten,Kersen (als je ze voor bent!),"park / groenstrook / grote tuin / verkeer, industrie / landschap / ecologische zone",geen,Zoete kers - prachtige bloei april. Kersen eetbaar. Snel groeiend.,https: / www.ebben.nl / nl / treeebb / pravium-prunus-avium,hoogstam bomen,,10 - 15 m,15 - 25 m,halfopen,rond / breed eirond,4A - 9B,bijen / vlinders / vogels / kleine zoogdieren / nectarwaarde 5 / pollenwaarde 5,verdraagt luchtverontreiniging,zuur / neutraal / basisch,matig voedselrijk / voedselrijk,verdraagt matige wind,"park / groenstrook / grote tuin / verkeer, industrie / landschap / ecologische zone",geen
Prunus padus,Prunus padus,pionier,Boom,Onbekend,inheems,1a,ja,nee,vochtig / nat / zeer nat,vochtig / nat / zeer nat,zon / halfschaduw,zon / halfschaduw,klei / zand / leem,löss / zavel / lichte klei / zand / lemige grond,löss / zavel / lichte klei / zand / lemige grond,zuur / neutraal / basisch,matig voedselrijk / voedselrijk,verdraagt geen wind,verdraagt kortstondige overstroming,5 - 15 m,4 - 8 m,breed piramidaal,gesloten,3A - 8B,bijen / vlinders / vogels / nectarwaarde 3 / pollenwaarde 3,,,,park / groenstrook / grote tuin / landschap / ecologische zone / windsingel / wadi,geen,Type: pionier. ecobeplanting / landschappelijke beplanting,https: / www.ebben.nl / nl / treeebb / prpadus-prunus-padus,hoogstam bomen,,4 - 8 m,5 - 15 m,gesloten,breed piramidaal,3A - 8B,bijen / vlinders / vogels / nectarwaarde 3 / pollenwaarde 3,verdraagt kortstondige overstroming,zuur / neutraal / basisch,matig voedselrijk / voedselrijk,verdraagt geen wind,park / groenstrook / grote tuin / landschap / ecologische zone / windsingel / wadi,geen
Prunus spinosa,Prunus spinosa,struik,Heester,Onbekend,inheems,1a,ja,nee,zeer droog / droog / vochtig / nat,zeer droog / droog / vochtig / nat,zon / halfschaduw,zon / halfschaduw,klei / zand / leem,löss / zavel / zware klei / lichte klei / zand / lemige grond,löss / zavel / zware klei / lichte klei / zand / lemige grond,zuur / neutraal / basisch,voedselrijk,verdraagt wind / verdraagt zeewind,verdraagt droogte,3 - 4 m,3 - 4 m,rond,halfopen,5A - 9B,bijen / vlinders / vogels / kleine zoogdieren / nectarwaarde 3 / pollenwaarde 3,10/10,150+ soorten,"Broedplaats, bessen",park / groenstrook / bakken / containers / daktuin / grote tuin / begraafplaats / landschap / ecologische zone / windsingel / kustgebied,geen,Vroege bloei (maart!) = belangrijk voor vroege bijen/vlinders.,https: / www.ebben.nl / nl / treeebb / prspinos-prunus-spinosa,,solitair heesters,3 - 4 m,3 - 4 m,halfopen,rond,5A - 9B,bijen / vlinders / vogels / kleine zoogdieren / nectarwaarde 3 / pollenwaarde 3,verdraagt droogte,zuur / neutraal / basisch,voedselrijk,verdraagt wind / verdraagt zeewind,park / groenstrook / bakken / containers / daktuin / grote tuin / begraafplaats / landschap / ecologische zone / windsingel / kustgebied,geen
Pyrus communis,Pyrus communis,pionier,Boom,Onbekend,inheems,1a,ja,nee,droog / vochtig / nat,droog / vochtig / nat,zon / halfschaduw,zon / halfschaduw,klei / zand / leem,löss / zavel / lichte klei / zand / lemige grond,löss / zavel / lichte klei / zand / lemige grond,neutraal / basisch,matig voedselrijk / voedselrijk,verdraagt wind / verdraagt zeewind,verdraagt luchtverontreiniging,10 - 15 m,5 - 10 m,eirond,halfopen,5A - 9B,bijen / vlinders / vogels / kleine zoogdieren / mensen / nectarwaarde 5 / pollenwaarde 5,,,,"laan / park / groenstrook / daktuin / grote tuin / verkeer, industrie / landschap / ecologische zone / kustgebied",geen / open / dicht,Type: pionier. voedselbos,https: / www.ebben.nl / nl / treeebb / pycommun-pyrus-communis,hoogstam bomen,,5 - 10 m,10 - 15 m,halfopen,eirond,5A - 9B,bijen / vlinders / vogels / kleine zoogdieren / mensen / nectarwaarde 5 / pollenwaarde 5,verdraagt luchtverontreiniging,neutraal / basisch,matig voedselrijk / voedselrijk,verdraagt wind / verdraagt zeewind,"laan / park / groenstrook / daktuin / grote tuin / verkeer, industrie / landschap / ecologische zone / kustgebied",geen / open / dicht
Quercus petraea,Quercus petraea,hoofdboom,Boom,Onbekend,inheems,1a,ja,nee,zeer droog / droog / vochtig / nat,zeer droog / droog / vochtig / nat,zon / halfschaduw,zon / halfschaduw,klei / zand / leem,löss / zavel / lichte klei / zand / lemige grond,löss / zavel / lichte klei / zand / lemige grond,zuur / neutraal,voedselarm / matig voedselrijk / voedselrijk,verdraagt wind / verdraagt matige zeewind,verdraagt droogte / verdraagt luchtverontreiniging,25 - 30 m,20 - 25 m,rond,gesloten,5A - 10B,bijen / vlinders / vogels / kleine zoogdieren,10/10,450+ soorten,,"laan / plein / parkeerplaats / park / groenstrook / grote tuin / begraafplaats / verkeer, industrie / landschap / ecologische zone / windsingel",geen / open / dicht,Wintereik - vergelijkbaar met zomereik maar minder nat-tolerant.,https: / www.ebben.nl / nl / treeebb / qupetrae-quercus-petraea,hoogstam bomen,,20 - 25 m,25 - 30 m,gesloten,rond,5A - 10B,bijen / vlinders / vogels / kleine zoogdieren,verdraagt droogte / verdraagt luchtverontreiniging,zuur / neutraal,voedselarm / matig voedselrijk / voedselrijk,verdraagt wind / verdraagt matige zeewind,"laan / plein / parkeerplaats / park / groenstrook / grote tuin / begraafplaats / verkeer, industrie / landschap / ecologische zone / windsingel",geen / open / dicht
Quercus robur,Quercus robur,hoofdboom,Boom,Onbekend,inheems,1a,ja,nee,zeer droog / droog / vochtig / nat,zeer droog / droog / vochtig / nat,zon / halfschaduw,zon / halfschaduw,klei / zand / leem,löss / zavel / lichte klei / zand / lemige grond,löss / zavel / lichte klei / zand / lemige grond,zuur / neutraal / basisch,voedselarm / matig voedselrijk / voedselrijk,verdraagt wind / verdraagt matige zeewind,verdraagt strooizout / verdraagt droogte / verdraagt luchtverontreiniging / verdraagt hitte,25 - 35 m,25 - 35 m,rond,halfopen,5A - 10A,bijen / vlinders / vogels / kleine zoogdieren,10/10,500+ soorten (hoogste van NL),"Eikels voor gaai, eekhoorn","laan / park / groenstrook / grote tuin / begraafplaats / verkeer, industrie / landschap / ecologische zone / windsingel",geen,Dé hoofdboom voor natuurwaarde. Ondersteuning 500+ insectensoorten.,https: / www.ebben.nl / nl / treeebb / qurobur-quercus-robur,hoogstam bomen,,25 - 35 m,25 - 35 m,halfopen,rond,5A - 10A,bijen / vlinders / vogels / kleine zoogdieren,verdraagt strooizout / verdraagt droogte / verdraagt luchtverontreiniging / verdraagt hitte,zuur / neutraal / basisch,voedselarm / matig voedselrijk / voedselrijk,verdraagt wind / verdraagt matige zeewind,"laan / park / groenstrook / grote tuin / begraafplaats / verkeer, industrie / landschap / ecologische zone / windsingel",geen
Rhamnus cathartica,Rhamnus cathartica,pionier,Boom,Onbekend,inheems,1a,ja,nee,vochtig / nat,vochtig / nat,zon / halfschaduw,zon / halfschaduw,klei / zand / leem,löss / zavel / lichte klei / zand / lemige grond,löss / zavel / lichte klei / zand / lemige grond,neutraal / basisch,voedselrijk,verdraagt wind / verdraagt zeewind,verdraagt luchtverontreiniging,4 - 6 m,4 - 6 m,rond,open,4A - 9B,bijen / vlinders / nectarwaarde 5 / pollenwaarde 5,,,,"park / groenstrook / grote tuin / verkeer, industrie / landschap / ecologische zone / windsingel / kustgebied",geen,Type: pionier. ecobeplanting / landschappelijke beplanting,https: / www.ebben.nl / nl / treeebb / rhcathar-rhamnus-cathartica,hoogstam bomen,,4 - 6 m,4 - 6 m,open,rond,4A - 9B,bijen / vlinders / nectarwaarde 5 / pollenwaarde 5,verdraagt luchtverontreiniging,neutraal / basisch,voedselrijk,verdraagt wind / verdraagt zeewind,"park / groenstrook / grote tuin / verkeer, industrie / landschap / ecologische zone / windsingel / kustgebied",geen
Rosa arvensis,Rosa arvensis,struik,Heester,Onbekend,inheems,1a,ja,nee,droog / vochtig / nat,droog / vochtig / nat,zon / halfschaduw,zon / halfschaduw,klei / zand / leem,löss / zavel / lichte klei / zand / lemige grond,löss / zavel / lichte klei / zand / lemige grond,zuur / neutraal,matig voedselrijk / voedselrijk,verdraagt wind / verdraagt zeewind,verdraagt luchtverontreiniging,"0,5 - 2 m",2 - 4 m,,,5B - 7B,bijen / vlinders / kleine zoogdieren / vogels,,,,park / groenstrook / bakken / containers / daktuin / grote tuin / kleine tuin / patiotuin / begraafplaats / landschap / ecologische zone / windsingel / kustgebied,geen,Type: struik. ecobeplanting / landschappelijke beplanting,https: / www.ebben.nl / nl / treeebb / roarvens-rosa-arvensis,,solitair heesters,2 - 4 m,"0,5 - 2 m",,,5B - 7B,bijen / vlinders / kleine zoogdieren / vogels,verdraagt luchtverontreiniging,zuur / neutraal,matig voedselrijk / voedselrijk,verdraagt wind / verdraagt zeewind,park / groenstrook / bakken / containers / daktuin / grote tuin / kleine tuin / patiotuin / begraafplaats / landschap / ecologische zone / windsingel / kustgebied,geen
Salix alba,Salix alba,hoofdboom,Boom,Onbekend,inheems,1a,ja,nee,vochtig / nat / zeer nat,vochtig / nat / zeer nat,zon,zon,klei / zand / leem,löss / zavel / zware klei / lichte klei / zand / lemige grond,löss / zavel / zware klei / lichte klei / zand / lemige grond,neutraal / basisch,voedselrijk,verdraagt wind / verdraagt zeewind,verdraagt droogte / verdraagt luchtverontreiniging / verdraagt kortstondige overstroming,15 - 25 m,12 - 18 m,ovaal / eirond,open,4A - 9B,bijen / vlinders / vogels / uilen / nectarwaarde 5 / pollenwaarde 5,8/10,250+ soorten,,"park / groenstrook / grote tuin / verkeer, industrie / landschap / ecologische zone / windsingel / wadi",geen,Schietwilg - zeer snelle groei. Voor natte standplaatsen.,https: / www.ebben.nl / nl / treeebb / saalba-salix-alba,hoogstam bomen,,12 - 18 m,15 - 25 m,open,ovaal / eirond,4A - 9B,bijen / vlinders / vogels / uilen / nectarwaarde 5 / pollenwaarde 5,verdraagt droogte / verdraagt luchtverontreiniging / verdraagt kortstondige overstroming,neutraal / basisch,voedselrijk,verdraagt wind / verdraagt zeewind,"park / groenstrook / grote tuin / verkeer, industrie / landschap / ecologische zone / windsingel / wadi",geen
Salix aurita,Salix aurita,pionier,Heester,Onbekend,inheems,1a,ja,nee,droog / vochtig / nat / zeer nat,droog / vochtig / nat / zeer nat,zon / halfschaduw,zon / halfschaduw,klei / zand / leem,löss / zavel / zand / lemige grond,löss / zavel / zand / lemige grond,zuur / neutraal,matig voedselrijk / voedselrijk,verdraagt wind / verdraagt zeewind,verdraagt kortstondige overstroming,"0,5 - 3 m","0,5 - 3 m",breed ovaal,open,5B - 9B,bijen / vlinders / nectarwaarde 5 / pollenwaarde 5,,,,park / groenstrook / grote tuin / begraafplaats / landschap / ecologische zone / wadi / kustgebied,,Type: pionier. ecobeplanting,https: / www.ebben.nl / nl / treeebb / saaurita-salix-aurita,,solitair heesters,"0,5 - 3 m","0,5 - 3 m",open,breed ovaal,5B - 9B,bijen / vlinders / nectarwaarde 5 / pollenwaarde 5,verdraagt kortstondige overstroming,zuur / neutraal,matig voedselrijk / voedselrijk,verdraagt wind / verdraagt zeewind,park / groenstrook / grote tuin / begraafplaats / landschap / ecologische zone / wadi / kustgebied,
Salix caprea,Salix caprea,struik,Heester,Onbekend,inheems,1a,ja,nee,droog / vochtig / nat / zeer nat,droog / vochtig / nat / zeer nat,zon / halfschaduw,zon / halfschaduw,klei / zand / leem,löss / zavel / lichte klei / zand / lemige grond,löss / zavel / lichte klei / zand / lemige grond,zuur / neutraal,matig voedselrijk / voedselrijk,verdraagt wind / verdraagt matige zeewind,verdraagt kortstondige overstroming,5 - 8 m,3 - 5 m,ovaal,halfopen,4A - 9B,bijen / vlinders / nectarwaarde 5 / pollenwaarde 5,10/10,ZEER belangrijk - eerste nectar,,park / groenstrook / grote tuin / begraafplaats / landschap / ecologische zone / windsingel / wadi / kustgebied,,Boswilg - belangrijkste vroege nectarbron (maart). Grote katjes.,https: / www.ebben.nl / nl / treeebb / sacaprea-salix-caprea,,solitair heesters,3 - 5 m,5 - 8 m,halfopen,ovaal,4A - 9B,bijen / vlinders / nectarwaarde 5 / pollenwaarde 5,verdraagt kortstondige overstroming,zuur / neutraal,matig voedselrijk / voedselrijk,verdraagt wind / verdraagt matige zeewind,park / groenstrook / grote tuin / begraafplaats / landschap / ecologische zone / windsingel / wadi / kustgebied,
Salix cinerea,Salix cinerea,pionier,Heester,Onbekend,inheems,1a,ja,nee,zeer droog / droog / vochtig / nat / zeer nat,zeer droog / droog / vochtig / nat / zeer nat,zon / halfschaduw,zon / halfschaduw,klei / zand / veen / leem,löss / zavel / veen / lichte klei / zand / lemige grond,löss / zavel / veen / lichte klei / zand / lemige grond,zuur / neutraal,matig voedselrijk / voedselrijk,verdraagt wind / verdraagt zeewind,verdraagt droogte / verdraagt kortstondige overstroming,3 - 5 m,3 - 5 m,ovaal,halfopen,4A - 9B,bijen / vlinders / nectarwaarde 5 / pollenwaarde 5,,,,park / groenstrook / grote tuin / landschap / ecologische zone / windsingel / wadi / kustgebied,geen,Type: pionier. stedelijke beplanting / ecobeplanting,https: / www.ebben.nl / nl / treeebb / sacinere-salix-cinerea,,solitair heesters,3 - 5 m,3 - 5 m,halfopen,ovaal,4A - 9B,bijen / vlinders / nectarwaarde 5 / pollenwaarde 5,verdraagt droogte / verdraagt kortstondige overstroming,zuur / neutraal,matig voedselrijk / voedselrijk,verdraagt wind / verdraagt zeewind,park / groenstrook / grote tuin / landschap / ecologische zone / windsingel / wadi / kustgebied,geen
Salix pentandra,Salix pentandra,hoofdboom,Boom,Onbekend,inheems,1a,ja,nee,vochtig / nat,vochtig / nat,zon,zon,klei / zand,zavel / lichte klei / zand / lemige grond,zavel / lichte klei / zand / lemige grond,zuur / neutraal,matig voedselrijk / voedselrijk,verdraagt wind,verdraagt luchtverontreiniging,10 - 15 m,5 - 10 m,breed ovaal,halfopen,5A - 9B,bijen / nectarwaarde 5 / pollenwaarde 5,,,,"park / groenstrook / daktuin / grote tuin / begraafplaats / verkeer, industrie / landschap / ecologische zone / windsingel",geen / open,Type: hoofdboom. ecobeplanting,https: / www.ebben.nl / nl / treeebb / sapentan-salix-pentandra,hoogstam bomen,,5 - 10 m,10 - 15 m,halfopen,breed ovaal,5A - 9B,bijen / nectarwaarde 5 / pollenwaarde 5,verdraagt luchtverontreiniging,zuur / neutraal,matig voedselrijk / voedselrijk,verdraagt wind,"park / groenstrook / daktuin / grote tuin / begraafplaats / verkeer, industrie / landschap / ecologische zone / windsingel",geen / open
Salix purpurea,Salix purpurea,pionier,Heester,Onbekend,inheems,1a,ja,nee,zeer droog / droog / vochtig / nat / zeer nat,zeer droog / droog / vochtig / nat / zeer nat,zon / halfschaduw,zon / halfschaduw,klei / zand,zavel / zware klei / zand / lemige grond,zavel / zware klei / zand / lemige grond,neutraal / basisch,voedselrijk,verdraagt wind,verdraagt droogte / verdraagt kortstondige overstroming,3 - 5 m,3 - 5 m,vaas,gesloten,4A - 8B,bijen / nectarwaarde 5 / pollenwaarde 5,,,,park / groenstrook / grote tuin / landschap / ecologische zone / wadi / kustgebied,geen,Type: pionier. stedelijke beplanting / ecobeplanting,https: / www.ebben.nl / nl / treeebb / sapurpur-salix-purpurea,,solitair heesters,3 - 5 m,3 - 5 m,gesloten,vaas,4A - 8B,bijen / nectarwaarde 5 / pollenwaarde 5,verdraagt droogte / verdraagt kortstondige overstroming,neutraal / basisch,voedselrijk,verdraagt wind,park / groenstrook / grote tuin / landschap / ecologische zone / wadi / kustgebied,geen
Salix repens,Salix repens,pionier,Heester,Onbekend,inheems,1a,ja,nee,zeer droog / droog / vochtig / nat / zeer nat,zeer droog / droog / vochtig / nat / zeer nat,zon,zon,klei / zand / veen / leem,alle grondsoorten,alle grondsoorten,zuur / neutraal / basisch,voedselrijk,verdraagt wind / verdraagt zeewind,verdraagt droogte / verdraagt kortstondige overstroming,0 - 1 m,0 - 1 m,,,4A - 8B,bijen / nectarwaarde 5 / pollenwaarde 5,,,,park / groenstrook / kleine tuin / begraafplaats / landschap / ecologische zone / wadi,,Type: pionier. ecobeplanting / stedelijke beplanting,https: / www.ebben.nl / nl / treeebb / sarepens-salix-repens,,solitair heesters,0 - 1 m,0 - 1 m,,,4A - 8B,bijen / nectarwaarde 5 / pollenwaarde 5,verdraagt droogte / verdraagt kortstondige overstroming,zuur / neutraal / basisch,voedselrijk,verdraagt wind / verdraagt zeewind,park / groenstrook / kleine tuin / begraafplaats / landschap / ecologische zone / wadi,
Salix triandra,Salix triandra,hoofdboom,Boom,Onbekend,inheems,1a,ja,nee,droog / vochtig / nat / zeer nat,droog / vochtig / nat / zeer nat,zon / halfschaduw,zon / halfschaduw,klei / zand / veen / leem,löss / zavel / veen / lichte klei / zand / lemige grond,löss / zavel / veen / lichte klei / zand / lemige grond,zuur / neutraal / basisch,voedselrijk,verdraagt wind,verdraagt droogte / verdraagt kortstondige overstroming,2 - 10 m,3 - 8 m,breed ovaal,halfopen,5A - 9B,bijen / nectarwaarde 5 / pollenwaarde 5,,,,park / groenstrook / kleine tuin / begraafplaats / landschap / ecologische zone / windsingel / wadi,geen,Type: hoofdboom. ecobeplanting / stedelijke beplanting,https: / www.ebben.nl / nl / treeebb / satriand-salix-triandra,hoogstam bomen,,3 - 8 m,2 - 10 m,halfopen,breed ovaal,5A - 9B,bijen / nectarwaarde 5 / pollenwaarde 5,verdraagt droogte / verdraagt kortstondige overstroming,zuur / neutraal / basisch,voedselrijk,verdraagt wind,park / groenstrook / kleine tuin / begraafplaats / landschap / ecologische zone / windsingel / wadi,geen
Salix viminalis,Salix viminalis,pionier,Boom,Onbekend,inheems,1a,ja,nee,droog / vochtig / nat / zeer nat,droog / vochtig / nat / zeer nat,zon,zon,klei,zavel / zware klei / lichte klei,zavel / zware klei / lichte klei,neutraal / basisch,voedselrijk,verdraagt wind / verdraagt matige zeewind,verdraagt droogte / verdraagt luchtverontreiniging / verdraagt kortstondige overstroming,3 - 8 m,3 - 6 m,vaas / breed vaas,halfopen,4A - 9B,bijen / vlinders / nectarwaarde 5 / pollenwaarde 5,,,,park / groenstrook / grote tuin / landschap / ecologische zone / windsingel / wadi / kustgebied,geen / open,Type: pionier. stedelijke beplanting / ecobeplanting / landschappelijke beplanting,https: / www.ebben.nl / nl / treeebb / savimina-salix-viminalis,hoogstam bomen,,3 - 6 m,3 - 8 m,halfopen,vaas / breed vaas,4A - 9B,bijen / vlinders / nectarwaarde 5 / pollenwaarde 5,verdraagt droogte / verdraagt luchtverontreiniging / verdraagt kortstondige overstroming,neutraal / basisch,voedselrijk,verdraagt wind / verdraagt matige zeewind,park / groenstrook / grote tuin / landschap / ecologische zone / windsingel / wadi / kustgebied,geen / open
Sambucus nigra,Sambucus nigra,struik,Heester,Onbekend,inheems,1a,ja,nee,droog / vochtig / nat,droog / vochtig / nat,zon / halfschaduw,zon / halfschaduw,klei / zand / leem,löss / zavel / zware klei / lichte klei / zand / lemige grond,löss / zavel / zware klei / lichte klei / zand / lemige grond,zuur / neutraal / basisch,voedselarm / matig voedselrijk / voedselrijk,verdraagt wind / verdraagt zeewind,verdraagt luchtverontreiniging,3 - 6 m,3 - 6 m,rond,open,4A - 9B,bijen,8/10,100+ soorten,Bessen zeer geliefd,"groenstrook / grote tuin / begraafplaats / verkeer, industrie / landschap / ecologische zone / windsingel / kustgebied",geen / open / dicht,Snelgroeiende struik. Bloemen + bessen eetbaar. Hoge vogelwaarde.,https: / www.ebben.nl / nl / treeebb / samnigra-sambucus-nigra,,solitair heesters,3 - 6 m,3 - 6 m,open,rond,4A - 9B,bijen,verdraagt luchtverontreiniging,zuur / neutraal / basisch,voedselarm / matig voedselrijk / voedselrijk,verdraagt wind / verdraagt zeewind,"groenstrook / grote tuin / begraafplaats / verkeer, industrie / landschap / ecologische zone / windsingel / kustgebied",geen / open / dicht
Sambucus racemosa,Sambucus racemosa,pionier,Heester,Onbekend,inheems,1a,ja,nee,droog / vochtig / nat,droog / vochtig / nat,zon / halfschaduw,zon / halfschaduw,klei / zand / leem,löss / zavel / lichte klei / zand / lemige grond,löss / zavel / lichte klei / zand / lemige grond,zuur / neutraal,matig voedselrijk / voedselrijk,verdraagt wind,,2 - 4 m,2 - 4 m,rond,open,4A - 8B,,,,,park / groenstrook / grote tuin / kleine tuin / begraafplaats / landschap / ecologische zone,geen / open,Type: pionier. ,https: / www.ebben.nl / nl / treeebb / saracemo-sambucus-racemosa,,solitair heesters,2 - 4 m,2 - 4 m,open,rond,4A - 8B,,,zuur / neutraal,matig voedselrijk / voedselrijk,verdraagt wind,park / groenstrook / grote tuin / kleine tuin / begraafplaats / landschap / ecologische zone,geen / open
Sorbus aucuparia,Sorbus aucuparia,bijboom,Boom,Onbekend,inheems,1a,ja,nee,droog / vochtig / nat / zeer nat,droog / vochtig / nat / zeer nat,zon / halfschaduw,zon / halfschaduw,klei / zand / veen / leem,löss / zavel / veen / zand / lemige grond,löss / zavel / veen / zand / lemige grond,zuur / neutraal / basisch,voedselarm / matig voedselrijk / voedselrijk,verdraagt wind / verdraagt matige zeewind,verdraagt droogte / verdraagt luchtverontreiniging / verdraagt hitte / verdraagt kortstondige overstroming,8 - 12 m,6 - 8 m,breed eirond,halfopen,4A - 9B,bijen / vlinders / vogels / kleine zoogdieren / nectarwaarde 3 / pollenwaarde 3,9/10,,Bessen zeer geliefd (40+ soorten),"park / groenstrook / bakken / containers / daktuin / grote tuin / begraafplaats / verkeer, industrie / landschap / ecologische zone / windsingel / wadi / kustgebied",geen,Wilde lijsterbes - oranje bessen zeer decoratief. Vogelmagneet.,https: / www.ebben.nl / nl / treeebb / soaucupa-sorbus-aucuparia,hoogstam bomen,,6 - 8 m,8 - 12 m,halfopen,breed eirond,4A - 9B,bijen / vlinders / vogels / kleine zoogdieren / nectarwaarde 3 / pollenwaarde 3,verdraagt droogte / verdraagt luchtverontreiniging / verdraagt hitte / verdraagt kortstondige overstroming,zuur / neutraal / basisch,voedselarm / matig voedselrijk / voedselrijk,verdraagt wind / verdraagt matige zeewind,"park / groenstrook / bakken / containers / daktuin / grote tuin / begraafplaats / verkeer, industrie / landschap / ecologische zone / windsingel / wadi / kustgebied",geen
Taxus baccata,Taxus baccata,hoofdboom,Boom,Onbekend,inheems,1a,ja,nee,zeer droog / droog / vochtig / nat,zeer droog / droog / vochtig / nat,zon / halfschaduw / schaduw,zon / halfschaduw / schaduw,klei / zand / veen / leem,löss / zavel / veen / lichte klei / zand / lemige grond,löss / zavel / veen / lichte klei / zand / lemige grond,zuur / neutraal / basisch,matig voedselrijk / voedselrijk,verdraagt wind / verdraagt matige zeewind,verdraagt droogte / verdraagt luchtverontreiniging,10 - 15 m,8 - 12 m,breed piramidaal,gesloten,6A - 9A,bijen / vlinders / vogels / uilen / nectarwaarde 0 / pollenwaarde 3,6/10,,Rode bessen (alleen vrouwelijke planten),"park / groenstrook / grote tuin / begraafplaats / verkeer, industrie / landschap / ecologische zone",geen,Venijnboom - zeer schaduw-tolerant. GIFTIG! Goede haagplant.,https: / www.ebben.nl / nl / treeebb / tabaccat-taxus-baccata,hoogstam bomen,,8 - 12 m,10 - 15 m,gesloten,breed piramidaal,6A - 9A,bijen / vlinders / vogels / uilen / nectarwaarde 0 / pollenwaarde 3,verdraagt droogte / verdraagt luchtverontreiniging,zuur / neutraal / basisch,matig voedselrijk / voedselrijk,verdraagt wind / verdraagt matige zeewind,"park / groenstrook / grote tuin / begraafplaats / verkeer, industrie / landschap / ecologische zone",geen
Tilia cordata,Tilia cordata,hoofdboom,Boom,Onbekend,inheems,1a,ja,nee,zeer droog / droog / vochtig / nat,zeer droog / droog / vochtig / nat,zon / halfschaduw / schaduw,zon / halfschaduw / schaduw,klei / zand / leem,löss / zavel / lichte klei / zand / lemige grond,löss / zavel / lichte klei / zand / lemige grond,zuur / neutraal / basisch,matig voedselrijk / voedselrijk,verdraagt wind / verdraagt matige zeewind,verdraagt droogte / verdraagt luchtverontreiniging / verdraagt hitte / weinig tot zelden luisaantasting,20 - 25 m,10 - 15 m,eirond,gesloten,4A - 8B,bijen / vogels / nectarwaarde 5 / pollenwaarde 5,9/10,300+ soorten,,"straat / laan / plein / parkeerplaats / park / groenstrook / daktuin / grote tuin / begraafplaats / verkeer, industrie / landschap / ecologische zone / windsingel / kustgebied",geen / open / dicht,Belangrijke bijenboom (bloei juli). Droogte-toleranter dan zomerlinde.,https: / www.ebben.nl / nl / treeebb / ticordat-tilia-cordata,hoogstam bomen,,10 - 15 m,20 - 25 m,gesloten,eirond,4A - 8B,bijen / vogels / nectarwaarde 5 / pollenwaarde 5,verdraagt droogte / verdraagt luchtverontreiniging / verdraagt hitte / weinig tot zelden luisaantasting,zuur / neutraal / basisch,matig voedselrijk / voedselrijk,verdraagt wind / verdraagt matige zeewind,"straat / laan / plein / parkeerplaats / park / groenstrook / daktuin / grote tuin / begraafplaats / verkeer, industrie / landschap / ecologische zone / windsingel / kustgebied",geen / open / dicht
Tilia platyphyllos,Tilia platyphyllos,pionier,Boom,Onbekend,inheems,1a,ja,nee,droog / vochtig / nat,droog / vochtig / nat,zon / halfschaduw / schaduw,zon / halfschaduw / schaduw,klei / zand / leem,löss / zavel / lichte klei / zand / lemige grond,löss / zavel / lichte klei / zand / lemige grond,zuur / neutraal / basisch,matig voedselrijk / voedselrijk,verdraagt wind,verdraagt luchtverontreiniging / weinig tot zelden luisaantasting,25 - 30 m,20 - 25 m,breed eirond,gesloten,4A - 8B,bijen / vlinders / vogels / nectarwaarde 5 / pollenwaarde 5,,,,straat / laan / plein / parkeerplaats / park / groenstrook / grote tuin / begraafplaats / landschap / ecologische zone / windsingel,geen,Type: pionier. voedselbos / ecobeplanting / landschappelijke beplanting / schaduwtolerant,https: / www.ebben.nl / nl / treeebb / tiplatyp-tilia-platyphyllos,hoogstam bomen,,20 - 25 m,25 - 30 m,gesloten,breed eirond,4A - 8B,bijen / vlinders / vogels / nectarwaarde 5 / pollenwaarde 5,verdraagt luchtverontreiniging / weinig tot zelden luisaantasting,zuur / neutraal / basisch,matig voedselrijk / voedselrijk,verdraagt wind,straat / laan / plein / parkeerplaats / park / groenstrook / grote tuin / begraafplaats / landschap / ecologische zone / windsingel,geen
Ulex europaeus,Ulex europaeus,struik,Heester,Onbekend,inheems,1a,ja,nee,droog / vochtig / nat,droog / vochtig / nat,zon,zon,klei / zand / leem,löss / zavel / zand / lemige grond,löss / zavel / zand / lemige grond,zuur / neutraal,matig voedselrijk,verdraagt wind / verdraagt zeewind,verdraagt luchtverontreiniging,"2 - 2,5 m","2 - 2,5 m",rond,,7A - 10B,bijen / vlinders / vogels / nectarwaarde 3 / pollenwaarde 3,,,,"park / groenstrook / bakken / containers / daktuin / grote tuin / kleine tuin / patiotuin / begraafplaats / verkeer, industrie / landschap / ecologische zone / kustgebied",geen,Type: struik. ecobeplanting / landschappelijke beplanting,https: / www.ebben.nl / nl / treeebb / uleuropa-ulex-europaeus,,solitair heesters,"2 - 2,5 m","2 - 2,5 m",,rond,7A - 10B,bijen / vlinders / vogels / nectarwaarde 3 / pollenwaarde 3,verdraagt luchtverontreiniging,zuur / neutraal,matig voedselrijk,verdraagt wind / verdraagt zeewind,"park / groenstrook / bakken / containers / daktuin / grote tuin / kleine tuin / patiotuin / begraafplaats / verkeer, industrie / landschap / ecologische zone / kustgebied",geen
Ulmus glabra,Ulmus glabra,pionier,Boom,Onbekend,inheems,1a,ja,nee,droog / vochtig / nat,droog / vochtig / nat,zon / halfschaduw,zon / halfschaduw,klei / leem,löss / zavel / zware klei / lichte klei / lemige grond,löss / zavel / zware klei / lichte klei / lemige grond,neutraal / basisch,matig voedselrijk / voedselrijk,verdraagt wind / verdraagt zeewind,verdraagt strooizout,25 - 35 m,15 - 20 m,rond,halfopen,5A - 8B,vlinders,,,,park / groenstrook / grote tuin / landschap / windsingel / kustgebied,geen,Type: pionier. landschappelijke beplanting,https: / www.ebben.nl / nl / treeebb / ulglabra-ulmus-glabra,hoogstam bomen,,15 - 20 m,25 - 35 m,halfopen,rond,5A - 8B,vlinders,verdraagt strooizout,neutraal / basisch,matig voedselrijk / voedselrijk,verdraagt wind / verdraagt zeewind,park / groenstrook / grote tuin / landschap / windsingel / kustgebied,geen
Ulmus laevis,Ulmus laevis,hoofdboom,Boom,Onbekend,inheems,1a,ja,nee,droog / vochtig / nat / zeer nat,droog / vochtig / nat / zeer nat,zon / halfschaduw,zon / halfschaduw,klei / zand / veen / leem,löss / zavel / veen / lichte klei / zand / lemige grond,löss / zavel / veen / lichte klei / zand / lemige grond,zuur / neutraal / basisch,matig voedselrijk / voedselrijk,verdraagt wind / verdraagt zeewind,verdraagt strooizout / verdraagt kortstondige overstroming / weinig tot zelden luisaantasting / iepziekteresistentie 3,25 - 35 m,10 - 20 m,rond / breed ovaal,halfopen,5A - 8B,vlinders,,,,laan / park / grote tuin / landschap / ecologische zone / windsingel / wadi / kustgebied,geen / open / dicht,Type: hoofdboom. ecobeplanting / landschappelijke beplanting / solide beplanting,https: / www.ebben.nl / nl / treeebb / ullaevis-ulmus-laevis,hoogstam bomen,,10 - 20 m,25 - 35 m,halfopen,rond / breed ovaal,5A - 8B,vlinders,verdraagt strooizout / verdraagt kortstondige overstroming / weinig tot zelden luisaantasting / iepziekteresistentie 3,zuur / neutraal / basisch,matig voedselrijk / voedselrijk,verdraagt wind / verdraagt zeewind,laan / park / grote tuin / landschap / ecologische zone / windsingel / wadi / kustgebied,geen / open / dicht
Ulmus minor,Ulmus minor,pionier,Boom,Onbekend,inheems,1a,ja,nee,zeer droog / droog / vochtig / nat,zeer droog / droog / vochtig / nat,zon / halfschaduw,zon / halfschaduw,klei / zand / leem,löss / zavel / lichte klei / zand / lemige grond,löss / zavel / lichte klei / zand / lemige grond,neutraal / basisch,matig voedselrijk / voedselrijk,verdraagt wind / verdraagt zeewind,verdraagt strooizout / verdraagt droogte / verdraagt luchtverontreiniging / iepziekteresistentie 1,25 - 30 m,15 - 20 m,breed ovaal,halfopen,5A - 7B,vlinders,,,,"park / groenstrook / begraafplaats / verkeer, industrie / landschap / windsingel / kustgebied",geen,Type: pionier. ecobeplanting / landschappelijke beplanting / solide beplanting,https: / www.ebben.nl / nl / treeebb / ulmminor-ulmus-minor,hoogstam bomen,,15 - 20 m,25 - 30 m,halfopen,breed ovaal,5A - 7B,vlinders,verdraagt strooizout / verdraagt droogte / verdraagt luchtverontreiniging / iepziekteresistentie 1,neutraal / basisch,matig voedselrijk / voedselrijk,verdraagt wind / verdraagt zeewind,"park / groenstrook / begraafplaats / verkeer, industrie / landschap / windsingel / kustgebied",geen
Vaccinium vitis-idaea,Vaccinium vitis-idaea,struik,Bodembedekker,Onbekend,inheems,1a,ja,nee,droog / vochtig / nat,droog / vochtig / nat,halfschaduw / schaduw,halfschaduw / schaduw,klei / zand / leem,löss / zavel / zand / lemige grond,löss / zavel / zand / lemige grond,zuur,voedselrijk,verdraagt matige wind,,"0,1 - 0,25 m","1 - 1,5 m",,halfopen,1A - 6B,bijen / vlinders / vogels / kleine zoogdieren / mensen / nectarwaarde 3 / pollenwaarde 3,,,,park / groenstrook / daktuin / grote tuin / kleine tuin / patiotuin / begraafplaats / landschap,geen,Type: struik. voedselbos / ecobeplanting / schaduwtolerant,https: / www.ebben.nl / nl / treeebb / vavidaea-vaccinium-vitisidaea,,solitair heesters,"1 - 1,5 m","0,1 - 0,25 m",halfopen,,1A - 6B,bijen / vlinders / vogels / kleine zoogdieren / mensen / nectarwaarde 3 / pollenwaarde 3,,zuur,voedselrijk,verdraagt matige wind,park / groenstrook / daktuin / grote tuin / kleine tuin / patiotuin / begraafplaats / landschap,geen
Viburnum lantana,Viburnum lantana,pionier,Heester,Onbekend,inheems,1a,ja,nee,droog / vochtig / nat,droog / vochtig / nat,zon / halfschaduw,zon / halfschaduw,klei / zand / leem,löss / zavel / lichte klei / zand / lemige grond,löss / zavel / lichte klei / zand / lemige grond,zuur / neutraal / basisch,voedselrijk,verdraagt wind / verdraagt zeewind,verdraagt luchtverontreiniging,"2,5 - 4 m",2 - 4 m,rond,halfopen,4A - 7B,bijen / vlinders / vogels,,,,"park / groenstrook / daktuin / grote tuin / kleine tuin / patiotuin / begraafplaats / verkeer, industrie / kustgebied",geen,Type: pionier. ,https: / www.ebben.nl / nl / treeebb / vilantan-viburnum-lantana,,solitair heesters,2 - 4 m,"2,5 - 4 m",halfopen,rond,4A - 7B,bijen / vlinders / vogels,verdraagt luchtverontreiniging,zuur / neutraal / basisch,voedselrijk,verdraagt wind / verdraagt zeewind,"park / groenstrook / daktuin / grote tuin / kleine tuin / patiotuin / begraafplaats / verkeer, industrie / kustgebied",geen
Viburnum opulus,Viburnum opulus,struik,Heester,Onbekend,inheems,1a,ja,nee,droog / vochtig / nat,droog / vochtig / nat,zon / halfschaduw,zon / halfschaduw,klei / zand / veen / leem,löss / zavel / veen / zware klei / lichte klei / zand / lemige grond / alle grondsoorten,löss / zavel / veen / zware klei / lichte klei / zand / lemige grond / alle grondsoorten,zuur / neutraal / basisch,voedselrijk,verdraagt wind / verdraagt matige zeewind,verdraagt luchtverontreiniging,3 - 4 m,2 - 4 m,vaas,gesloten,4A - 8B,bijen / vlinders / vogels,8/10,80+ soorten,Bessen nov-feb,"park / groenstrook / bakken / containers / daktuin / grote tuin / kleine tuin / patiotuin / begraafplaats / verkeer, industrie / landschap / ecologische zone / windsingel / kustgebied",geen,Gelderse roos - prachtige bloei mei/juni. Rode bessen herfst.,https: / www.ebben.nl / nl / treeebb / viopulus-viburnum-opulus,,solitair heesters,2 - 4 m,3 - 4 m,gesloten,vaas,4A - 8B,bijen / vlinders / vogels,verdraagt luchtverontreiniging,zuur / neutraal / basisch,voedselrijk,verdraagt wind / verdraagt matige zeewind,"park / groenstrook / bakken / containers / daktuin / grote tuin / kleine tuin / patiotuin / begraafplaats / verkeer, industrie / landschap / ecologische zone / windsingel / kustgebied",geen
Vinca minor,Vinca minor,struik,Bodembedekker,Onbekend,inheems,1a,ja,nee,droog / vochtig / nat,droog / vochtig / nat,halfschaduw / schaduw,halfschaduw / schaduw,klei / zand / veen / leem,löss / zavel / veen / zware klei / lichte klei / zand / lemige grond / alle grondsoorten,löss / zavel / veen / zware klei / lichte klei / zand / lemige grond / alle grondsoorten,neutraal,matig voedselrijk / voedselrijk,verdraagt matige zeewind,verdraagt luchtverontreiniging,"0,15 - 0,2 m","0,5 - 1 m",,,4B - 8B,bijen / vlinders,,,,groenstrook / bakken / containers / grote tuin / kleine tuin / ecologische zone,geen,Type: struik. schaduwtolerant / ecobeplanting / landschappelijke beplanting,https: / www.ebben.nl / nl / treeebb / viminor-vinca-minor,,solitair heesters,"0,5 - 1 m","0,15 - 0,2 m",,,4B - 8B,bijen / vlinders,verdraagt luchtverontreiniging,neutraal,matig voedselrijk / voedselrijk,verdraagt matige zeewind,groenstrook / bakken / containers / grote tuin / kleine tuin / ecologische zone,geen
